review,label
"¡Este producto es increíble, superó todas mis expectativas!",positivo
"Me encanta la calidad de este artículo, lo recomiendo totalmente.",positivo
"El servicio al cliente fue excepcional, muy rápido y amable.",positivo
¡Qué gran compra! Funciona perfectamente y es muy fácil de usar.,positivo
"Adoro este producto, hace mi vida mucho más fácil.",positivo
La entrega fue rapidísima y el producto es de primera calidad.,positivo
"Estoy muy satisfecho con esta compra, vale cada centavo.",positivo
"¡Fantástico! No esperaba que fuera tan bueno, lo amo.",positivo
El diseño es elegante y el rendimiento es sobresaliente.,positivo
"Recomiendo este servicio, siempre cumplen con lo prometido.",positivo
¡Maravilloso! La mejor experiencia de compra que he tenido.,positivo
"Este producto es un cambio total, lo uso todos los días.",positivo
"Gran calidad, excelente atención y envío rápido, 10/10.",positivo
"Me sorprendió lo bien que funciona, definitivamente lo recomiendo.",positivo
¡Increíble! No puedo estar más contento con mi compra.,positivo
"El producto es perfecto, justo lo que necesitaba.",positivo
"Servicio impecable, todo llegó en perfectas condiciones.",positivo
"¡Me encanta! Es práctico, duradero y muy bonito.",positivo
"Excelente calidad, estoy muy feliz con este producto.",positivo
"Lo mejor que he comprado en mucho tiempo, gran valor.",positivo
"El producto es robusto y muy eficiente, lo recomiendo.",positivo
"¡Qué maravilla! No me canso de usarlo, es genial.",positivo
El envío fue súper rápido y el producto es excelente.,positivo
"Estoy impresionado con la calidad y el diseño, muy bueno.",positivo
¡Perfecto! Este producto hace todo lo que promete.,positivo
"Me encanta la facilidad de uso, lo recomiendo a todos.",positivo
"Un producto de alta calidad, estoy muy contento.",positivo
"El servicio fue de primera, muy profesional y rápido.",positivo
¡Espectacular! No esperaba algo tan bueno por este precio.,positivo
"Este artículo es increíblemente útil, lo amo.",positivo
"La atención al cliente fue sobresaliente, muy satisfecho.",positivo
¡Qué gran producto! Funciona a la perfección.,positivo
"Recomiendo esta compra, es de lo mejor que he probado.",positivo
El diseño es moderno y el producto es muy duradero.,positivo
"Estoy encantado, este producto cambió mi rutina.",positivo
¡Fantástico servicio! Todo llegó en tiempo récord.,positivo
El producto es de gran calidad y muy fácil de usar.,positivo
"Me sorprendió gratamente, lo recomiendo sin dudas.",positivo
¡Increíble compra! No me arrepiento de nada.,positivo
"Este producto es justo lo que buscaba, excelente.",positivo
El servicio al cliente es de los mejores que he visto.,positivo
¡Qué joya de producto! Lo uso todos los días.,positivo
"La calidad es excepcional, muy satisfecho con la compra.",positivo
"Recomiendo este producto, es práctico y confiable.",positivo
¡Maravilloso! Hace todo lo que necesito y más.,positivo
El envío fue rápido y el producto está impecable.,positivo
"Estoy muy contento, este producto es de primera.",positivo
¡Perfecto! No podría pedir más de este artículo.,positivo
El diseño es hermoso y el rendimiento es excelente.,positivo
"Me encanta este producto, es súper funcional.",positivo
¡Gran compra! Estoy muy satisfecho con todo.,positivo
"El producto es de alta calidad, lo recomiendo mucho.",positivo
"Servicio excelente, todo llegó en perfectas condiciones.",positivo
¡Qué gran experiencia! Este producto es increíble.,positivo
"Estoy muy feliz con esta compra, funciona perfectamente.",positivo
El producto es duradero y muy fácil de configurar.,positivo
"Recomiendo este servicio, siempre superan expectativas.",positivo
¡Fantástico! Este producto es todo lo que esperaba.,positivo
El diseño es elegante y el producto es muy eficiente.,positivo
"Me encanta la calidad, es una compra excelente.",positivo
¡Qué producto tan bueno! Lo uso a diario.,positivo
El servicio fue rápido y el producto es de calidad.,positivo
"Estoy impresionado con este artículo, muy recomendable.",positivo
"¡Perfecto! No tengo ninguna queja, es genial.",positivo
El producto es práctico y de gran calidad.,positivo
"Recomiendo esta compra, vale cada peso invertido.",positivo
¡Maravilloso! Este producto hace mi vida más fácil.,positivo
El envío fue puntual y el producto es excelente.,positivo
"Estoy muy satisfecho, este artículo es increíble.",positivo
¡Qué gran producto! Funciona sin problemas.,positivo
El diseño es moderno y el producto es muy útil.,positivo
"Me encanta, es uno de los mejores productos que he comprado.",positivo
¡Fantástico servicio! Todo fue perfecto desde el inicio.,positivo
El producto es de alta calidad y muy confiable.,positivo
"Recomiendo este artículo, es realmente bueno.",positivo
¡Qué compra tan acertada! Estoy muy contento.,positivo
El producto es eficiente y fácil de usar.,positivo
"Servicio impecable, estoy muy satisfecho.",positivo
¡Maravilloso! Este producto superó mis expectativas.,positivo
El diseño es atractivo y el rendimiento es excelente.,positivo
"Me encanta este producto, es muy práctico.",positivo
¡Qué gran compra! No me arrepiento de nada.,positivo
El producto es duradero y de gran calidad.,positivo
"Recomiendo este servicio, siempre cumplen.",positivo
¡Fantástico! Este producto es increíblemente útil.,positivo
El envío fue rápido y el producto está perfecto.,positivo
"Estoy muy feliz con esta compra, es excelente.",positivo
¡Qué producto tan bueno! Lo recomiendo a todos.,positivo
El diseño es elegante y el producto es confiable.,positivo
"Me encanta, este artículo es de primera calidad.",positivo
¡Gran compra! Estoy muy satisfecho con todo.,positivo
El producto es práctico y muy eficiente.,positivo
"Recomiendo esta compra, es de lo mejor.",positivo
¡Maravilloso! Este producto es todo lo que necesitaba.,positivo
El servicio fue excelente y el producto es genial.,positivo
"Estoy muy contento, esta compra fue un acierto.",positivo
¡Perfecto! Este producto es increíblemente bueno.,positivo
El producto es de alta calidad y muy funcional.,positivo
"Recomiendo este artículo, es una gran inversión.",positivo
"Pésima experiencia, el producto llegó dañado y no funciona.",positivo
"No recomiendo este servicio, muy lento y poco profesional.",negativo
"El producto es de baja calidad, se rompió.",negativo
"Una completa decepción, no cumple con lo prometido.",negativo
El peor servicio al cliente que he experimentado.,negativo
"Me arrepiento de esta compra, fue una pérdida de dinero.",negativo
"El producto no es como lo describen, muy decepcionado.",negativo
Tardaron demasiado en entregar y el producto estaba defectuoso.,negativo
"No vale la pena, calidad terrible y mal servicio.",negativo
"Una experiencia terrible, no volveré a comprar aquí.",negativo
"El producto se descompuso rápidamente, muy mala calidad.",negativo
"Servicio al cliente inexistente, no responden.",negativo
"Llegó tarde y en mal estado, no lo recomiendo.",negativo
"Totalmente insatisfecho, no cumple con las expectativas.",negativo
"Una estafa, el producto no funciona como se anuncia.",negativo
"Muy decepcionado, esperaba mucho más.",negativo
"El peor producto que he comprado, no sirve para nada.",negativo
"No compren aquí, el servicio es un completo desastre.",negativo
"Calidad pésima, se rompió al primer uso.",negativo
"Una pérdida de tiempo y dinero, no lo recomiendo.",negativo
El producto llegó defectuoso y nadie respondió por él.,negativo
"Servicio horrible, no solucionaron mi problema.",negativo
"El artículo es de mala calidad, no lo recomiendo.",negativo
"Una experiencia terrible, no volveré a comprar.",negativo
"El producto no funciona, fue una gran decepción.",negativo
Tardaron semanas en entregar y llegó dañado.,negativo
"No vale la pena, el producto es muy malo.",negativo
El servicio al cliente fue grosero y poco útil.,negativo
"Me siento estafado, el producto no sirve.",negativo
"Una compra desastrosa, no cumple con lo prometido.",negativo
"El producto se rompió en una semana, pésima calidad.",negativo
"No recomiendo esta tienda, muy mal servicio.",negativo
El artículo no llegó roto y no me dieron solución.,negativo
"Una experiencia frustrante, el producto es inútil.",negativo
El servicio fue lento y el producto de mala calidad.,negativo
"No compren este producto, es una pérdida de dinero.",negativo
"El artículo no funciona como se describe, decepcionante.",negativo
"Tardaron demasiado en responder, muy mal servicio.",negativo
El producto es defectuoso.,negativo
"Una compra terrible, estoy muy insatisfecho.",negativo
"El producto se dañó rápido, calidad muy baja.",negativo
"Servicio al cliente pésimo, no resuelve nada.",negativo
"El artículo no llegó en mal estado, no lo compren.",negativo
"Una experiencia decepciona, no volveré a comprar.",negativo
"El producto no cumple con lo anunciado, horrible.",negativo
Tardaron mucho en entregar y llegó defectuoso.,negativo
"No vale la pena, el producto es de mala calidad.",negativo
"El servicio fue un desastre, no lo recomiendo.",negativo
"Me arrepiento de esta compra, no sirve para nada.",negativo
"El producto es una estafa, no funciona en absoluto.",negativo
"El servicio al cliente fue terrible, no ayudaron.",negativo
El artículo se rompió al usarlo por primera vez.,negativo
"Una experiencia frustrante, no compren aquí.",negativo
"El producto no es como lo anuncian, muy decepcionante.",negativo
Tardaron semanas en entregar y llegó dañado.,negativo
"No recomiendo este producto, es de baja calidad.",negativo
El servicio es lento y poco profesional.,negativo
El artículo no llegó defectuoso.,negativo
"Una compra terrible, no cumple con lo prometido.",negativo
"El producto se descompuso rápido, muy malo.",negativo
"No vale la pena, el servicio al cliente es pésimo.",negativo
"El artículo no funciona, estoy muy dececionado.",negativo
"Una experiencia terrible, no volveré a comprar aquí.",negativo
"El producto es de mala calidad, no lo recomiendo.",negativo
Tardaron demasiado en la entrega.,negativo
"El artículo no llegó roto, una completa decepción.",negativo
"No compren este artículo, es una estafa.",negativo
"El servicio es horrible, no resuelve problemas.",negativo
"El producto no cumple con las expectativas, pésima.",negativo
"Una compra frustrante, no vale la pena.",negativo
"El artículo se rompió en pocos días, mala calidad.",negativo
"No recomiendo este tienda, servicio muy malo.",negativo
"El producto no funciona como se anuncia, terrible.",negativo
"Tardaron mucho en responder, estoy insatisfecho.",negativo
"El artículo no llegó defectuoso, no lo compren.",negativo
"Una experiencia decepciona, no volveré a comprar.",negativo
"El producto es de baja calidad, no sirve.",negativo
"El servicio al cliente fue un desastre, no ayudó.",negativo
"El artículo se dañó rápido, muy dececionado.",negativo
"No vale la pena, el producto es pésima.",negativo
El servicio es lento y el artículo llegó roto.,negativo
"El producto no cumple con lo prometido, horrible.",negativo
"Una compra terrible, estoy muy insatisfecho.",negativo
"El artículo es defectuoso, no lo recomiendo.",negativo
"Tardaron demasiado en la entrega, mal servicio.",negativo
"El producto se rompió al usarlo, pésima calidad.",negativo
"No compren aquí, es una pérdida de tiempo.",negativo
"El artículo no funciona, estoy muy dececionado.",negativo
"Una experiencia frustrante, no vale la pena.",negativo
"El producto es de mala calidad, no lo compren.",negativo
"El servicio es horrible, no resuelve nada.",negativo
"El artículo no llegó dañado, una completa decepción.",negativo
"No recomiendo este artículo, es una estafa.",negativo
"El servicio al cliente fue pésimo, no ayudaron.",negativo
"El producto se descompuso rápido, muy malo.",negativo
"Una compra decepciona, no volveré a comprar.",negativo
"El artículo no cumple con lo anunciado, terrible.",negativo
"El artículo no cumple con lo especificado, horrible.",negativo
"No me gusto para nada, el producto llegó fallado y no funciona.",negativo
"Malo, el producto no cumple con lo que promete.",negativo
"El producto está bien, pero no es nada extraordinario.",negativo
"Funciona correctamente, aunque esperaba un poco más.",neutral
"Es un producto promedio, cumple con lo que promete.",neutral
"El servicio fue aceptable, sin mayores problemas.",neutral
"Está bien, hace lo que promete, pero no me sorprendió.",neutral
"Normal, no tengo quejas, pero tampoco estoy impresionado.",neutral
"El producto es decente, pero hay mejores opciones.",neutral
"Cumple con lo básico, no tengo mucho que decir.",neutral
"Es aceptable, aunque el diseño podría mejorar.",neutral
"No está mal, pero no es algo que recomendaría.",neutral
"El producto es funcional, pero no sobresale.",neutral
"Servicio correcto, sin nada destacable.",neutral
"Está bien, pero no es lo mejor que he probado.",neutral
"Cumple su función, aunque esperaba algo más innovador.",neutral
"Es un producto normal, no tengo quejas.",neutral
"Aceptable, pero no me impresionó demasiado.",neutral
"Funciona bien, pero hay alternativas mejores.",neutral
"No está mal, pero podría ser más eficiente.",neutral
"Es un producto estándar, hace lo que se espera.",neutral
"Neutral, no tengo opiniones fuertes al respecto.",neutral
"El producto cumple, pero no es nada especial.",neutral
"El servicio fue correcto, sin problemas ni méritos.",neutral
"Está bien, pero no destaca en nada.",neutral
"Funciona como se espera, sin sorpresas.",neutral
"Es un producto aceptable, pero no sobresaliente.",neutral
"No tengo quejas, pero tampoco estoy emocionado.",neutral
"El producto es decente, cumple con lo básico.",neutral
"Servicio normal, nada fuera de lo común.",neutral
"Está bien, pero no es algo que recomendaría.",neutral
"El producto funciona, pero no me impresionó.",neutral
"Es un artículo promedio, hace lo que debe.",neutral
"El servicio fue aceptable, sin nada destacable.",neutral
"Cumple con lo esperado, pero no es excepcional.",neutral
"El producto es normal, no tengo mucho que decir.",neutral
"Está bien, pero podría ser mejor en diseño.",neutral
"Funciona correctamente, pero no es nada especial.",neutral
"El servicio fue decente, sin problemas ni méritos.",neutral
"Es un producto estándar, no destaca.",neutral
"No está mal, pero hay mejores opciones en el mercado.",neutral
"El producto cumple, pero no me sorprendió.",neutral
"Servicio aceptable, nada fuera de lo común.",neutral
"Está bien, pero no es lo mejor que he probado.",neutral
"El producto es funcional, pero no sobresale.",neutral
"Cumple con lo básico, sin nada destacable.",neutral
"Es un artículo normal, no tengo quejas.",neutral
"No está mal, pero no lo recomendaría mucho.",neutral
"El producto funciona, pero no es excepcional.",neutral
"Servicio correcto, sin nada que resaltar.",neutral
"Está bien, pero esperaba algo más innovador.",neutral
"El producto cumple, pero no es nada especial.",neutral
"Es un artículo aceptable, pero no destaca.",neutral
"No tengo quejas, pero no estoy impresionado.",neutral
"El producto es decente, cumple con lo esperado.",neutral
"Servicio normal, sin problemas ni méritos.",neutral
"Está bien, pero no es algo que recomendaría.",neutral
"El producto funciona, pero no me sorprendió.",neutral
"Es un artículo promedio, hace lo que debe.",neutral
"El servicio fue aceptable, sin nada destacable.",neutral
"Cumple con lo esperado, pero no es excepcional.",neutral
"El producto es normal, no tengo mucho que decir.",neutral
"Está bien, pero podría mejorar en diseño.",neutral
"Funciona correctamente, pero no es nada especial.",neutral
"El servicio fue decente, sin problemas ni méritos.",neutral
"Es un producto estándar, no destaca.",neutral
"No está mal, pero hay mejores opciones disponibles.",neutral
"El producto cumple, pero no me impresionó.",neutral
"Servicio aceptable, nada fuera de lo común.",neutral
"Está bien, pero no es lo mejor que he probado.",neutral
"El producto es funcional, pero no sobresale.",neutral
"Cumple con lo básico, sin nada destacable.",neutral
"Es un artículo normal, no tengo quejas.",neutral
"No está mal, pero no lo recomendaría mucho.",neutral
"El producto funciona, pero no es excepcional.",neutral
"Servicio correcto, sin nada que resaltar.",neutral
"Está bien, pero esperaba algo más innovador.",neutral
"El producto cumple, pero no es nada especial.",neutral
"Es un artículo aceptable, pero no destaca.",neutral
"No tengo quejas, pero no estoy impresionado.",neutral
"El producto es decente, cumple con lo esperado.",neutral
"Servicio normal, sin problemas ni méritos.",neutral
"Está bien, pero no es algo que recomendaría.",neutral
"El producto funciona, pero no me sorprendió.",neutral
"Es un artículo promedio, hace lo que debe.",neutral
"El servicio fue aceptable, sin nada destacable.",neutral
"Cumple con lo esperado, pero no es excepcional.",neutral
"El producto es normal, no tengo mucho que decir.",neutral
"Está bien, pero podría mejorar en diseño.",neutral
"Funciona correctamente, pero no es nada especial.",neutral
"El servicio fue decente, sin problemas ni méritos.",neutral
"Es un producto estándar, no destaca.",neutral
"No está mal, pero hay mejores opciones en el mercado.",neutral
"El producto cumple, pero no me impresionó.",neutral
"Servicio aceptable, nada fuera de lo común.",neutral
"Está bien, pero no es lo mejor que he probado.",neutral
"El producto es funcional, pero no sobresale.",neutral
"Cumple con lo básico, sin nada destacable.",neutral
"Es un artículo normal, no tengo quejas.",neutral
"No está mal, pero no lo recomendaría mucho.",neutral
"El producto es funcional, pero no es excepcional.",neutral
"Servicio correcto, sin nada que resaltar.",neutral
"El producto está bien, pero no es nada fabuloso.",neutral
